insert into users values ('9ca106ba-b5da-4c0e-b996-7a555a37dd4d','dfghrdh@gmail.com',782344,'Stas');
insert into users values ('ccde47e7-7139-400f-8a65-6320d9156f68','zxcdasd@gmail.com',421361,'Anton');
insert into users values ('03a9abd9-d579-4a6b-b13f-1531e35fcc79','sqerfrfx@gmail.com',569878,'Valera');
insert into users values ('57274562-0fe1-4657-91e4-2f8d5a9732ab','qwe@gmail.com',123654,'Dima');
insert into content values ('af3cfff8-c9ed-411a-aa58-5c3247a2a5a4','{"header": "thom22", "backgroundImg": "qweqwe.img","text": "kglfgkflg"}');
insert into content values ('46f85973-64ed-4aa3-9164-e455448b9028','{"header": "tiktok", "backgroundImg": "zxc.img","text": "sadbsakdb"}');
insert into content values ('8ebc6281-a3ae-425b-9f56-bb53a1b8a7f6','{"header": "adit", "backgroundImg": "asd.img","text": "fox"}');
insert into content values ('941b760f-75fd-4827-a903-cb56cef8e942','{"header": "norm", "backgroundImg": "skip.img","text": "dog"}');
insert into target values ('b91856f9-cd60-42b8-94cc-e73c47088b8f','2011-06-04',1,8,'2009-07-04','af3cfff8-c9ed-411a-aa58-5c3247a2a5a4','9ca106ba-b5da-4c0e-b996-7a555a37dd4d');
insert into target values ('fa4a08ab-b477-47cc-9dce-a90dc7fffd5e','2014-06-04',2,2,'2012-07-04','941b760f-75fd-4827-a903-cb56cef8e942','9ca106ba-b5da-4c0e-b996-7a555a37dd4d');
insert into target values ('efb6884e-53c9-4dbc-af81-981a6ff460e2','2014-06-04',0,5,'2012-07-04','8ebc6281-a3ae-425b-9f56-bb53a1b8a7f6','ccde47e7-7139-400f-8a65-6320d9156f68');
insert into target values ('7f810741-7f20-440e-be2d-79bfbe53ada1','2014-08-04',2,4,'2012-09-04','941b760f-75fd-4827-a903-cb56cef8e942','03a9abd9-d579-4a6b-b13f-1531e35fcc79');
insert into viewed values ('7002790b-7dc7-42d8-9f4a-d127426c6a83','46f85973-64ed-4aa3-9164-e455448b9028','9ca106ba-b5da-4c0e-b996-7a555a37dd4d');
insert into viewed values ('a2f837c8-0c0c-40de-bf7c-0baba8088d85','941b760f-75fd-4827-a903-cb56cef8e942','57274562-0fe1-4657-91e4-2f8d5a9732ab');
insert into viewed values ('986e6091-85d6-481d-ba20-a7ce46b0bd0b','8ebc6281-a3ae-425b-9f56-bb53a1b8a7f6','03a9abd9-d579-4a6b-b13f-1531e35fcc79');
insert into viewed values ('e5eace90-a663-4c13-b8b1-e4af84b316f7','46f85973-64ed-4aa3-9164-e455448b9028','57274562-0fe1-4657-91e4-2f8d5a9732ab');
